SceneOrderNumber,SceneNumber,RawName,CanonicalName,Confidence
1,RECEPTIONIST,RECEPTIONIST,0.8
1,OLD WOMAN,SECOND OLD WOMAN,0.7
1,RECEPTIONIST,RECEPTIONIST,0.8
1,OLD WOMAN,SECOND OLD WOMAN,0.7
1,RECEPTIONIST,RECEPTIONIST,0.8
1,RECEPTIONIST,RECEPTIONIST,0.8
1,OLD WOMAN,SECOND OLD WOMAN,0.7
1,RECEPTIONIST,RECEPTIONIST,0.8
4,MARY,MARY,1.0
4,CLEMENTINE,CLEMENTINE,0.8
4,MARY,MARY,1.0
4,MARY,MARY,1.0
4,CLEMENTINE,CLEMENTINE,1.0
4,MIERZWIAK,HOWARD MIERZWIAK,0.9199343476942892
5,MIERZWIAK,HOWARD MIERZWIAK,0.95
5,MARY,MARY,1.0
5,MIERZWIAK,HOWARD MIERZWIAK,0.7
5,MIERZWIAK,HOWARD MIERZWIAK,0.95
5,MARY,MARY,1.0
5,MIERZWIAK,HOWARD MIERZWIAK,0.7
5,MARY,MARY,1.0
5,MIERZWIAK,HOWARD MIERZWIAK,0.7
5,MARY,MARY,1.0
5,STAN,STAN,1.0
5,MARY,MARY,1.0
5,STAN,STAN,1.0
5,MARY,MARY,1.0
5,STAN,STAN,1.0
5,MARY,MARY,1.0
5,STAN,STAN,1.0
5,MARY,MARY,1.0
5,STAN,STAN,1.0
5,MARY,MARY,1.0
5,STAN,STAN,1.0
5,MARY,MARY,1.0
5,MARY,MARY,1.0
5,CLEMENTINE,CLEMENTINE,1.0
5,MARY,MARY,1.0
5,CLEMENTINE,CLEMENTINE,0.8
5,MARY,MARY,1.0
5,MIERZWIAK,HOWARD MIERZWIAK,0.7
5,MARY,MARY,1.0
5,HOWARD MIERZWIAK,HOWARD MIERZWIAK,1.0
5,HOWARD,HOWARD MIERZWIAK,1.0
5,MIERZWIAK,HOWARD MIERZWIAK,0.8088404687937678
5,COLE,COLE,1.0
5,HOWARD,HOWARD MIERZWIAK,1.0
5,STAN,STAN,1.0
5,STAN,STAN,1.0
5,STAN,STAN,1.0
5,MARY,MARY,1.0
5,KRUCZYNSKI,KRUCZYNSKI,1.0
5,MARY,MARY,1.0
5,KRUCZYNSKI,KRUCZYNSKI,1.0
5,MARY,MARY,1.0
6,MIERZWIAK,HOWARD MIERZWIAK,0.7
6,CLEMENTINE,CLEMENTINE,0.8
6,MIERZWIAK,HOWARD MIERZWIAK,0.7
6,CLEMENTINE,CLEMENTINE,0.8
6,CLEMENTINE,CLEMENTINE,1.0
6,MIERZWIAK,HOWARD MIERZWIAK,0.7
6,CLEMENTINE,CLEMENTINE,0.8
6,CLEMENTINE,CLEMENTINE,1.0
6,MIERZWIAK,HOWARD MIERZWIAK,0.7
6,CLEMENTINE,CLEMENTINE,0.8
7,JOEL,JOEL BARISH,1.0
7,JOEL,JOEL BARISH,1.0
8,JOEL,JOEL BARISH,1.0
8,JOEL,JOEL BARISH,1.0
8,JOEL,JOEL BARISH,1.0
9,JOEL,JOEL BARISH,1.0
9,JOEL,JOEL BARISH,1.0
9,NAOMI,NAOMI,0.9302012967469924
9,JOEL,JOEL BARISH,1.0
9,JOEL,JOEL BARISH,1.0
9,JOEL,JOEL BARISH,1.0
10,WAITRESS,WAITRESS,0.8
10,CLEMENTINE,CLEMENTINE,0.8
10,WAITRESS,WAITRESS,0.8
10,CLEMENTINE,CLEMENTINE,0.8
10,CLEMENTINE,CLEMENTINE,1.0
10,WAITRESS,WAITRESS,0.8
10,CLEMENTINE,CLEMENTINE,0.8
10,JOEL,JOEL BARISH,1.0
10,CLEMENTINE,CLEMENTINE,1.0
10,JOEL,JOEL BARISH,1.0
10,JOEL,JOEL BARISH,1.0
10,JOEL,JOEL BARISH,1.0
10,JOEL,JOEL BARISH,1.0
11,JOEL,JOEL BARISH,1.0
11,JOEL,JOEL BARISH,1.0
12,CLEMENTINE,CLEMENTINE,1.0
12,JOEL,JOEL BARISH,1.0
12,JOEL,JOEL BARISH,1.0
13,CLEMENTINE,CLEMENTINE,0.8
13,JOEL,JOEL BARISH,1.0
13,CLEMENTINE,CLEMENTINE,0.8
13,JOEL,JOEL BARISH,1.0
13,CLEMENTINE,CLEMENTINE,0.8
13,JOEL,JOEL BARISH,1.0
13,CLEMENTINE,CLEMENTINE,0.8
13,JOEL,JOEL BARISH,1.0
13,CLEMENTINE,CLEMENTINE,0.8
13,JOEL,JOEL BARISH,1.0
13,CLEMENTINE,CLEMENTINE,0.8
13,JOEL,JOEL BARISH,1.0
13,CLEMENTINE,CLEMENTINE,0.8
13,JOEL,JOEL BARISH,1.0
13,CLEMENTINE,CLEMENTINE,0.8
13,JOEL,JOEL BARISH,1.0
13,CLEMENTINE,CLEMENTINE,0.8
13,CLEMENTINE,CLEMENTINE,0.8
13,JOEL,JOEL BARISH,1.0
13,CLEMENTINE,CLEMENTINE,0.8
13,JOEL,JOEL BARISH,1.0
13,CLEMENTINE,CLEMENTINE,0.8
13,JOEL,JOEL BARISH,1.0
13,CLEMENTINE,CLEMENTINE,0.8
13,JOEL,JOEL BARISH,1.0
13,CLEMENTINE,CLEMENTINE,0.8
13,JOEL,JOEL BARISH,1.0
13,CLEMENTINE,CLEMENTINE,0.8
13,JOEL,JOEL BARISH,1.0
13,CLEMENTINE,CLEMENTINE,0.8
13,JOEL,JOEL BARISH,1.0
13,CLEMENTINE,CLEMENTINE,0.8
13,JOEL,JOEL BARISH,1.0
13,CLEMENTINE,CLEMENTINE,0.8
13,JOEL,JOEL BARISH,1.0
13,CLEMENTINE,CLEMENTINE,0.8
13,JOEL,JOEL BARISH,1.0
13,CLEMENTINE,CLEMENTINE,0.8
13,JOEL,JOEL BARISH,1.0
13,CLEMENTINE,CLEMENTINE,0.8
13,JOEL,JOEL BARISH,1.0
13,CLEMENTINE,CLEMENTINE,0.8
13,JOEL,JOEL BARISH,1.0
13,CLEMENTINE,CLEMENTINE,0.8
13,JOEL,JOEL BARISH,1.0
13,CLEMENTINE,CLEMENTINE,0.8
13,CLEMENTINE,CLEMENTINE,1.0
13,JOEL,JOEL BARISH,1.0
13,CLEMENTINE,CLEMENTINE,0.8
13,JOEL,JOEL BARISH,1.0
13,CLEMENTINE,CLEMENTINE,0.8
13,JOEL,JOEL BARISH,1.0
13,CLEMENTINE,CLEMENTINE,0.8
13,JOEL,JOEL BARISH,1.0
13,CLEMENTINE,CLEMENTINE,0.8
13,JOEL,JOEL BARISH,1.0
13,CLEMENTINE,CLEMENTINE,0.8
13,JOEL,JOEL BARISH,1.0
13,CLEMENTINE,CLEMENTINE,0.8
13,JOEL,JOEL BARISH,1.0
13,CLEMENTINE,CLEMENTINE,0.8
13,JOEL,JOEL BARISH,1.0
13,CLEMENTINE,CLEMENTINE,0.8
13,CLEMENTINE,CLEMENTINE,0.8
13,CLEMENTINE,CLEMENTINE,1.0
13,CLEMENTINE,CLEMENTINE,1.0
13,CLEMENTINE,CLEMENTINE,1.0
13,JOEL,JOEL BARISH,1.0
13,CLEMENTINE,CLEMENTINE,0.8
13,CLEMENTINE,CLEMENTINE,1.0
13,CLEMENTINE,CLEMENTINE,0.8
13,JOEL,JOEL BARISH,1.0
13,CLEMENTINE,CLEMENTINE,0.8
13,JOEL,JOEL BARISH,1.0
13,CLEMENTINE,CLEMENTINE,0.8
13,JOEL,JOEL BARISH,1.0
13,CLEMENTINE,CLEMENTINE,0.8
13,JOEL,JOEL BARISH,1.0
13,CLEMENTINE,CLEMENTINE,0.8
13,CLEMENTINE,CLEMENTINE,1.0
13,JOEL,JOEL BARISH,1.0
13,CLEMENTINE,CLEMENTINE,0.9903139508210322
13,JOEL,JOEL BARISH,1.0
13,JOEL,JOEL BARISH,1.0
13,AW,AW,0.983802458438068
13,JOEL,JOEL BARISH,1.0
13,AH,AH,1.0
13,TOM WAITS,TOM WAITS,1.0
13,TOM WAITS,TOM WAITS,1.0
13,GREEN REVOLUTION,GREEN REVOLUTION,1.0
13,PINK ERASER,PINK ERASER,1.0
13,TOM WAITS,TOM WAITS,1.0
13,JOEL,JOEL BARISH,1.0
13,NICE,NICE,0.8482124933003847
13,JOEL,JOEL BARISH,1.0
13,JOEL,JOEL BARISH,1.0
13,STEPHEN DIXON,STEPHEN DIXON,1.0
13,CLEMENTINE,CLEMENTINE,0.9043187361229745
13,JOEL,JOEL BARISH,1.0
13,JOEL,JOEL BARISH,1.0
13,JOEL,JOEL BARISH,1.0
13,CLEMENTINE,CLEMENTINE,0.9208962963901347
14,CLEMENTINE,CLEMENTINE,1.0
15,JOEL,JOEL BARISH,1.0
15,CLEMENTINE,CLEMENTINE,1.0
17,JOEL,JOEL BARISH,1.0
17,CLEMENTINE,CLEMENTINE,0.8
17,JOEL,JOEL BARISH,1.0
17,CLEMENTINE,CLEMENTINE,0.8
17,JOEL,JOEL BARISH,1.0
17,CLEMENTINE,CLEMENTINE,0.8
17,JOEL,JOEL BARISH,1.0
17,CLEMENTINE,CLEMENTINE,0.8
17,JOEL,JOEL BARISH,1.0
17,CLEMENTINE,CLEMENTINE,0.8
17,JOEL,JOEL BARISH,1.0
17,CLEMENTINE,CLEMENTINE,0.8
17,JOEL,JOEL BARISH,1.0
17,CLEMENTINE,CLEMENTINE,0.8
17,CLEMENTINE,CLEMENTINE,1.0
17,JOEL,JOEL BARISH,1.0
17,CLEMENTINE,CLEMENTINE,0.8
17,JOEL,JOEL BARISH,1.0
17,CLEMENTINE,CLEMENTINE,0.8
17,JOEL,JOEL BARISH,1.0
17,CLEMENTINE,CLEMENTINE,0.8
17,JOEL,JOEL BARISH,1.0
17,CLEMENTINE,CLEMENTINE,0.8
17,JOEL,JOEL BARISH,1.0
17,CLEMENTINE,CLEMENTINE,0.8
17,CLEMENTINE,CLEMENTINE,1.0
17,JOEL,JOEL BARISH,1.0
17,CLEMENTINE,CLEMENTINE,0.8
17,JOEL,JOEL BARISH,1.0
17,CLEMENTINE,CLEMENTINE,0.8
17,JOEL,JOEL BARISH,1.0
17,CLEMENTINE,CLEMENTINE,0.8
17,CLEMENTINE,CLEMENTINE,1.0
18,CLEMENTINE,CLEMENTINE,0.8
18,CLEMENTINE,CLEMENTINE,1.0
18,CLEMENTINE,CLEMENTINE,1.0
18,JOEL,JOEL BARISH,1.0
18,CLEMENTINE,CLEMENTINE,0.8
18,JOEL,JOEL BARISH,1.0
18,CLEMENTINE,CLEMENTINE,0.8
18,JOEL,JOEL BARISH,1.0
18,CLEMENTINE,CLEMENTINE,0.8
18,JOEL,JOEL BARISH,1.0
18,CLEMENTINE,CLEMENTINE,0.8
18,JOEL,JOEL BARISH,1.0
18,CLEMENTINE,CLEMENTINE,0.8
18,JOEL,JOEL BARISH,1.0
18,CLEMENTINE,CLEMENTINE,0.8
18,JOEL,JOEL BARISH,1.0
18,CLEMENTINE,CLEMENTINE,0.8
18,CLEMENTINE,CLEMENTINE,1.0
18,JOEL,JOEL BARISH,1.0
18,CLEMENTINE,CLEMENTINE,0.8
18,JOEL,JOEL BARISH,1.0
18,CLEMENTINE,CLEMENTINE,1.0
18,JOEL,JOEL BARISH,1.0
18,CLEMENTINE,CLEMENTINE,1.0
18,CLEMENTINE,CLEMENTINE,1.0
18,CLEMENTINE,CLEMENTINE,1.0
18,JOEL,JOEL BARISH,1.0
18,CLEMENTINE,CLEMENTINE,0.8
18,JOEL,JOEL BARISH,1.0
18,CLEMENTINE,CLEMENTINE,0.8
18,JOEL,JOEL BARISH,1.0
18,CLEMENTINE,CLEMENTINE,0.8
18,CLEMENTINE,CLEMENTINE,1.0
18,CLEMENTINE,CLEMENTINE,1.0
18,JOEL,JOEL BARISH,1.0
18,CLEMENTINE,CLEMENTINE,0.8
18,JOEL,JOEL BARISH,1.0
18,CLEMENTINE,CLEMENTINE,0.8
18,JOEL,JOEL BARISH,1.0
18,CLEMENTINE,CLEMENTINE,0.8
18,JOEL,JOEL BARISH,1.0
18,CLEMENTINE,CLEMENTINE,0.8
18,CLEMENTINE,CLEMENTINE,1.0
18,JOEL,JOEL BARISH,1.0
18,CLEMENTINE,CLEMENTINE,0.8
18,JOEL,JOEL BARISH,1.0
18,CLEMENTINE,CLEMENTINE,0.8
18,JOEL,JOEL BARISH,1.0
18,CLEMENTINE,CLEMENTINE,0.8
18,JOEL,JOEL BARISH,1.0
18,CLEMENTINE,CLEMENTINE,0.8
18,JOEL,JOEL BARISH,1.0
18,CLEMENTINE,CLEMENTINE,0.8
18,JOEL,JOEL BARISH,1.0
18,CLEMENTINE,CLEMENTINE,0.8
18,JOEL,JOEL BARISH,1.0
18,CLEMENTINE,CLEMENTINE,0.8
18,JOEL,JOEL BARISH,1.0
18,CLEMENTINE,CLEMENTINE,0.8
18,JOEL,JOEL BARISH,1.0
18,CLEMENTINE,CLEMENTINE,0.8
18,CLEMENTINE,CLEMENTINE,1.0
18,CLEMENTINE,CLEMENTINE,1.0
18,JOEL,JOEL BARISH,1.0
18,CLEMENTINE,CLEMENTINE,0.8
18,JOEL,JOEL BARISH,1.0
18,CLEMENTINE,CLEMENTINE,0.8
18,JOEL,JOEL BARISH,1.0
18,CLEMENTINE,CLEMENTINE,0.8
18,JOEL,JOEL BARISH,1.0
18,CLEMENTINE,CLEMENTINE,0.8
18,CLEMENTINE,CLEMENTINE,1.0
18,JOEL,JOEL BARISH,1.0
18,CLEMENTINE,CLEMENTINE,0.8
18,JOEL,JOEL BARISH,1.0
18,CLEMENTINE,CLEMENTINE,0.8
18,CLEMENTINE,CLEMENTINE,1.0
18,JOEL,JOEL BARISH,1.0
18,JOEL,JOEL BARISH,1.0
18,JOEL,JOEL BARISH,1.0
18,CLEMENTINE,CLEMENTINE,0.8
18,JOEL,JOEL BARISH,1.0
18,CLEMENTINE,CLEMENTINE,0.8
18,JOEL,JOEL BARISH,1.0
18,CLEMENTINE,CLEMENTINE,0.8
18,JOEL,JOEL BARISH,1.0
18,CLEMENTINE,CLEMENTINE,1.0
18,JOEL,JOEL BARISH,1.0
18,FROST,ROBERT FROST,1.0
18,ROBERT FROST,ROBERT FROST,1.0
18,CLEMENTINE,CLEMENTINE,1.0
18,JOEL,JOEL BARISH,1.0
18,CLEMENTINE,CLEMENTINE,1.0
18,JOEL,JOEL BARISH,1.0
18,BRIAN ENO,BRIAN ENO,1.0
18,CLEMENTINE,CLEMENTINE,1.0
18,JOEL,JOEL BARISH,1.0
18,MARY,MARY,1.0
18,JOSEPH,JOSEPH,1.0
18,JOEL,JOEL BARISH,1.0
18,CLEMENTINE,CLEMENTINE,1.0
18,PAUL SIMON,PAUL SIMON,1.0
18,JOEL,JOEL BARISH,1.0
18,JOEL,JOEL BARISH,1.0
18,PATRICK,PATRICK,1.0
18,STEPHEN DIXON,STEPHEN DIXON,1.0
18,CLEMENTINE,CLEMENTINE,0.9783995376394212
21,JOEL,JOEL BARISH,1.0
21,JOEL,JOEL BARISH,1.0
21,JOEL,JOEL BARISH,1.0
21,JOEL,JOEL BARISH,1.0
21,JOEL,JOEL BARISH,1.0
21,JOEL,JOEL BARISH,1.0
21,JOEL,JOEL BARISH,1.0
21,JOEL,JOEL BARISH,1.0
21,JOEL,JOEL BARISH,1.0
21,JOEL,JOEL BARISH,1.0
21,JOEL,JOEL BARISH,1.0
21,JOEL,JOEL BARISH,1.0
21,EVEN JOEL,JOEL BARISH,1.0
21,JOEL,JOEL BARISH,1.0
21,PINK,PINK ERASER,1.0
22,JOEL,JOEL BARISH,1.0
22,JOEL,JOEL BARISH,1.0
22,JOEL,JOEL BARISH,1.0
22,PATRICK,PATRICK,1.0
22,CLEMENTINE,CLEMENTINE,0.8
22,PATRICK,PATRICK,1.0
22,CLEMENTINE,CLEMENTINE,0.8
22,PATRICK,PATRICK,1.0
22,CLEMENTINE,CLEMENTINE,0.8
22,PATRICK,PATRICK,1.0
22,JOEL,JOEL BARISH,1.0
22,CLEMENTINE,CLEMENTINE,0.8
22,PATRICK,PATRICK,1.0
22,CLEMENTINE,CLEMENTINE,0.8
22,PATRICK,PATRICK,1.0
22,JOEL,JOEL BARISH,1.0
22,JOEL,JOEL BARISH,1.0
22,JOEL,JOEL BARISH,1.0
22,JOEL,JOEL BARISH,1.0
22,PATRICK,PATRICK,1.0
22,JOEL,JOEL BARISH,1.0
22,PATRICK,PATRICK,1.0
22,JOEL,JOEL BARISH,1.0
22,PATRICK,PATRICK,1.0
22,PATRICK,PATRICK,1.0
23,JOEL,JOEL BARISH,1.0
23,JOEL,JOEL BARISH,1.0
25,MARY,MARY,1.0
25,MARY,MARY,1.0
25,BARISH,JOEL BARISH,1.0
26,MARY,MARY,1.0
26,MARY,MARY,1.0
27,MIERZWIAK,HOWARD MIERZWIAK,0.7
27,STAN,STAN,1.0
27,JOEL,JOEL BARISH,1.0
27,MIERZWIAK,HOWARD MIERZWIAK,0.7
27,JOEL,JOEL BARISH,1.0
27,MIERZWIAK,HOWARD MIERZWIAK,0.7
27,JOEL,JOEL BARISH,1.0
27,MIERZWIAK,HOWARD MIERZWIAK,0.7
27,STAN,STAN,1.0
27,JOEL,JOEL BARISH,1.0
27,STAN,STAN,1.0
27,MIERZWIAK,HOWARD MIERZWIAK,0.7
27,STAN,STAN,1.0
27,STAN,STAN,1.0
27,JOEL,JOEL BARISH,1.0
27,STAN,STAN,1.0
27,AH,AH,1.0
27,BARISH,JOEL BARISH,1.0
27,STAN,STAN,1.0
27,STAN,STAN,1.0
27,BARISH,JOEL BARISH,1.0
27,JOEL,JOEL BARISH,1.0
27,STAN,STAN,1.0
27,STAN,STAN,1.0
27,STAN,STAN,1.0
27,JOEL,JOEL BARISH,1.0
27,STAN,STAN,1.0
27,STAN,STAN,1.0
27,PATRICK,PATRICK,1.0
27,JOEL,JOEL BARISH,1.0
27,STAN,STAN,1.0
27,STAN,STAN,1.0
27,STAN,STAN,1.0
28,PATRICK,PATRICK,1.0
28,STAN,STAN,1.0
28,PATRICK,PATRICK,1.0
28,STAN,STAN,1.0
28,STAN,STAN,1.0
28,PATRICK,PATRICK,1.0
28,STAN,STAN,1.0
28,PATRICK,PATRICK,1.0
28,PATRICK,PATRICK,1.0
29,MIERZWIAK,HOWARD MIERZWIAK,0.7
29,STAN,STAN,1.0
29,STAN,STAN,1.0
29,STAN,STAN,1.0
29,AH,AH,1.0
29,STAN,STAN,1.0
30,NAOMI,NAOMI,1.0
31,JOEL,JOEL BARISH,1.0
32,MARY,MARY,1.0
32,JOEL,JOEL BARISH,1.0
32,MARY,MARY,1.0
32,JOEL,JOEL BARISH,1.0
32,MARY,MARY,1.0
32,JOEL BARISH,JOEL BARISH,1.0
32,MIERZWIAK,HOWARD MIERZWIAK,1.0
33,MARY,MARY,1.0
33,JOEL,JOEL BARISH,1.0
33,MARY,MARY,1.0
33,MARY,MARY,1.0
33,JOEL,JOEL BARISH,1.0
33,MARY,MARY,1.0
34,MIERZWIAK,HOWARD MIERZWIAK,0.7
34,JOEL,JOEL BARISH,1.0
34,MIERZWIAK,HOWARD MIERZWIAK,0.7
34,JOEL,JOEL BARISH,1.0
34,PATRICK,PATRICK,1.0
34,JOEL,JOEL BARISH,1.0
34,JOEL,JOEL BARISH,1.0
34,JOEL,JOEL BARISH,1.0
35,STAN,STAN,1.0
35,PATRICK,PATRICK,1.0
35,STAN,STAN,1.0
35,PATRICK,PATRICK,1.0
35,PATRICK,PATRICK,1.0
35,PATRICK,PATRICK,1.0
35,STAN,STAN,1.0
35,PATRICK,PATRICK,1.0
35,PATRICK,PATRICK,1.0
35,STAN,STAN,1.0
35,PATRICK,PATRICK,1.0
36,MIERZWIAK,HOWARD MIERZWIAK,0.7
37,JOEL,JOEL BARISH,1.0
37,JOEL,JOEL BARISH,1.0
37,JOEL,JOEL BARISH,1.0
37,CARMEN,CARMEN,1.0
37,CARMEN,CARMEN,1.0
37,JOEL,JOEL BARISH,1.0
38,JOEL,JOEL BARISH,1.0
39,JOEL,JOEL BARISH,1.0
39,JOEL,JOEL BARISH,1.0
39,CARMEN,CARMEN,1.0
39,CARMEN,CARMEN,1.0
40,JOEL,JOEL BARISH,1.0
40,JOEL,JOEL BARISH,1.0
41,JOEL,JOEL BARISH,1.0
41,VAGUE RECORDED,VAGUE RECORDED,0.7
41,CARRIE,CARRIE,1.0
41,JOEL,JOEL BARISH,1.0
41,ROB,ROB,1.0
41,JOEL,JOEL BARISH,1.0
41,CARRIE,CARRIE,1.0
41,JOEL,JOEL BARISH,1.0
41,ROB,ROB,1.0
41,CARRIE,CARRIE,1.0
41,CARRIE,CARRIE,1.0
41,JOEL,JOEL BARISH,1.0
41,CARRIE,CARRIE,1.0
41,JOEL,JOEL BARISH,1.0
41,JOEL,JOEL BARISH,1.0
41,JOEL,JOEL BARISH,1.0
41,JOEL,JOEL BARISH,1.0
41,JOEL,JOEL BARISH,1.0
41,ROB,ROB,1.0
41,JOEL,JOEL BARISH,1.0
41,JOEL BARISH,JOEL BARISH,1.0
41,JOEL,JOEL BARISH,1.0
42,CARRIE,CARRIE,1.0
42,JOEL,JOEL BARISH,1.0
42,JOEL,JOEL BARISH,1.0
43,CARRIE,CARRIE,1.0
43,JOEL,JOEL BARISH,1.0
43,CARRIE,CARRIE,1.0
43,JOEL,JOEL BARISH,1.0
46,MARY,MARY,1.0
46,STAN,STAN,1.0
46,MARY,MARY,1.0
47,PATRICK,PATRICK,1.0
47,STAN,STAN,1.0
47,PATRICK,PATRICK,1.0
47,STAN,STAN,1.0
47,PATRICK,PATRICK,1.0
47,STAN,STAN,1.0
47,PATRICK,PATRICK,1.0
47,STAN,STAN,1.0
47,PATRICK,PATRICK,1.0
47,STAN,STAN,1.0
47,STAN,STAN,1.0
47,PATRICK,PATRICK,1.0
47,MARY,MARY,1.0
47,PATRICK,PATRICK,1.0
47,STAN,STAN,1.0
48,CLEMENTINE,CLEMENTINE,0.8
48,JOEL,JOEL BARISH,1.0
48,CLEMENTINE,CLEMENTINE,1.0
48,JOEL,JOEL BARISH,1.0
48,JOEL,JOEL BARISH,1.0
48,CLEMENTINE,CLEMENTINE,0.8
48,JOEL,JOEL BARISH,1.0
48,JOEL,JOEL BARISH,1.0
48,CLEMENTINE,CLEMENTINE,0.8
48,JOEL,JOEL BARISH,1.0
48,CLEMENTINE,CLEMENTINE,0.8
48,JOEL,JOEL BARISH,1.0
48,JOEL,JOEL BARISH,1.0
48,JOEL,JOEL BARISH,1.0
48,JOEL,JOEL BARISH,1.0
50,JOEL,JOEL BARISH,1.0
50,CLEMENTINE,CLEMENTINE,0.8
50,JOEL,JOEL BARISH,1.0
50,JOEL,JOEL BARISH,1.0
51,PATRICK,PATRICK,1.0
51,STAN,STAN,1.0
51,JOEL,JOEL BARISH,1.0
52,PATRICK,PATRICK,1.0
52,STAN,STAN,1.0
52,PATRICK,PATRICK,1.0
52,STAN,STAN,1.0
52,STAN,STAN,1.0
52,PATRICK,PATRICK,1.0
52,PATRICK,PATRICK,1.0
52,PATRICK,PATRICK,1.0
53,PATRICK,PATRICK,1.0
53,STAN,STAN,1.0
53,PATRICK,PATRICK,1.0
53,STAN,STAN,1.0
53,PATRICK,PATRICK,1.0
53,STAN,STAN,1.0
54,PATRICK,PATRICK,1.0
54,STAN,STAN,1.0
54,JOEL,JOEL BARISH,1.0
54,PATRICK,PATRICK,1.0
55,CLEMENTINE,CLEMENTINE,0.8
55,JOEL,JOEL BARISH,1.0
55,CLEMENTINE,CLEMENTINE,0.8
56,JOEL,JOEL BARISH,1.0
56,CLEMENTINE,CLEMENTINE,0.8
56,JOEL,JOEL BARISH,1.0
56,CLEMENTINE,CLEMENTINE,0.8
56,JOEL,JOEL BARISH,1.0
56,CLEMENTINE,CLEMENTINE,0.8
56,JOEL,JOEL BARISH,1.0
56,CLEMENTINE,CLEMENTINE,0.8
56,JOEL,JOEL BARISH,1.0
56,CLEMENTINE,CLEMENTINE,0.8
56,CLEMENTINE,CLEMENTINE,1.0
56,JOEL,JOEL BARISH,1.0
56,CLEMENTINE,CLEMENTINE,0.8
56,JOEL,JOEL BARISH,1.0
56,CLEMENTINE,CLEMENTINE,0.8
56,JOEL,JOEL BARISH,1.0
56,CLEMENTINE,CLEMENTINE,0.8
56,JOEL,JOEL BARISH,1.0
56,JOEL,JOEL BARISH,1.0
57,JOEL,JOEL BARISH,1.0
57,CLEMENTINE,CLEMENTINE,0.8
57,CLEMENTINE,CLEMENTINE,1.0
57,CLEMENTINE,CLEMENTINE,1.0
57,MARK,MARK,1.0
57,CLEMENTINE,CLEMENTINE,0.8
57,JOEL,JOEL BARISH,1.0
57,CLEMENTINE,CLEMENTINE,0.8
57,JOEL,JOEL BARISH,1.0
57,JOEL,JOEL BARISH,1.0
57,JOEL,JOEL BARISH,1.0
57,JOEL,JOEL BARISH,1.0
57,JOEL,JOEL BARISH,1.0
57,MARK,MARK,1.0
57,MARK,MARK,1.0
58,MARY,MARY,1.0
58,PATRICK,PATRICK,1.0
58,STAN,STAN,1.0
58,MARY,MARY,1.0
58,STAN,STAN,1.0
58,MARY,MARY,1.0
58,STAN,STAN,1.0
58,MARY,MARY,1.0
58,PATRICK,PATRICK,1.0
58,STAN,STAN,1.0
58,PATRICK,PATRICK,1.0
58,MARY,MARY,1.0
58,MARY,MARY,1.0
58,PATRICK,PATRICK,1.0
58,MARY,MARY,1.0
58,MARY,MARY,1.0
58,STAN,STAN,1.0
58,MARY,MARY,1.0
58,STAN,STAN,1.0
58,PATRICK,PATRICK,1.0
58,STAN,STAN,1.0
58,MARY,MARY,1.0
58,PATRICK,PATRICK,1.0
58,MARY,MARY,1.0
58,PATRICK,PATRICK,1.0
58,MARY,MARY,1.0
58,STAN,STAN,1.0
58,MARY,MARY,1.0
58,STAN,STAN,1.0
58,PATRICK,PATRICK,1.0
58,MARY,MARY,1.0
58,PATRICK,PATRICK,1.0
58,PATRICK,PATRICK,1.0
58,MARY,MARY,1.0
58,PATRICK,PATRICK,1.0
58,MARY,MARY,1.0
58,STAN,STAN,1.0
58,MARY,MARY,1.0
58,STAN,STAN,1.0
58,MARY,MARY,1.0
58,STAN,STAN,1.0
58,STAN,STAN,1.0
58,MARY,MARY,1.0
58,PATRICK,PATRICK,1.0
58,MARY,MARY,1.0
58,MARY,MARY,1.0
58,STAN,STAN,1.0
58,WINSTON CHURCHILL,WINSTON CHURCHILL,1.0
58,HOWARD,HOWARD MIERZWIAK,1.0
58,STAN,STAN,1.0
58,MARY,MARY,1.0
59,CLEMENTINE,CLEMENTINE,0.8
59,JOEL,JOEL BARISH,1.0
59,CLEMENTINE,CLEMENTINE,0.8
59,JOEL,JOEL BARISH,1.0
59,CLEMENTINE,CLEMENTINE,0.8
59,JOEL,JOEL BARISH,1.0
59,JOEL,JOEL BARISH,1.0
60,JOEL,JOEL BARISH,1.0
60,CLEMENTINE,CLEMENTINE,0.8
60,CLEMENTINE,CLEMENTINE,1.0
60,JOEL,JOEL BARISH,1.0
60,CLEMENTINE,CLEMENTINE,0.8
60,JOEL,JOEL BARISH,1.0
60,PATRICK,PATRICK,1.0
61,PATRICK,PATRICK,1.0
61,STAN,STAN,1.0
61,PATRICK,PATRICK,1.0
61,MARY,MARY,1.0
61,STAN,STAN,1.0
61,PATRICK,PATRICK,1.0
61,PATRICK,PATRICK,1.0
61,STAN,STAN,1.0
61,STAN,STAN,1.0
61,PATRICK,PATRICK,1.0
61,MARY,MARY,1.0
61,STAN,STAN,1.0
61,PATRICK,PATRICK,1.0
61,MARY,MARY,1.0
62,CLEMENTINE,CLEMENTINE,0.8
62,JOEL,JOEL BARISH,1.0
62,CLEMENTINE,CLEMENTINE,0.8
62,JOEL,JOEL BARISH,1.0
62,CLEMENTINE,CLEMENTINE,0.8
62,JOEL,JOEL BARISH,1.0
62,JOEL,JOEL BARISH,1.0
62,JOEL,JOEL BARISH,1.0
62,JOEL,JOEL BARISH,1.0
62,JOEL,JOEL BARISH,1.0
63,MARY,MARY,1.0
63,STAN,STAN,1.0
63,MARY,MARY,1.0
63,STAN,STAN,1.0
63,MARY,MARY,1.0
63,JOEL,JOEL BARISH,1.0
63,MARY,MARY,1.0
63,STAN,STAN,1.0
63,HOWARD,HOWARD MIERZWIAK,1.0
63,MARY,MARY,1.0
63,HOWARD,HOWARD MIERZWIAK,1.0
63,STAN,STAN,1.0
63,STAN,STAN,1.0
63,MARY,MARY,1.0
64,PATRICK,PATRICK,1.0
65,PATRICK,PATRICK,1.0
65,CLEMENTINE,CLEMENTINE,0.8
65,PATRICK,PATRICK,1.0
65,CLEMENTINE,CLEMENTINE,0.8
65,CLEMENTINE,CLEMENTINE,1.0
65,PATRICK,PATRICK,1.0
65,CLEMENTINE,CLEMENTINE,0.8
65,PATRICK,PATRICK,1.0
65,CLEMENTINE,CLEMENTINE,0.8
65,JOEL,JOEL BARISH,1.0
65,PATRICK,PATRICK,1.0
65,STAN,STAN,1.0
65,PATRICK,PATRICK,1.0
65,PATRICK,PATRICK,1.0
65,PATRICK,PATRICK,1.0
65,PATRICK,PATRICK,1.0
65,JOEL,JOEL BARISH,1.0
65,STAN,STAN,1.0
65,PATRICK,PATRICK,1.0
66,STAN,STAN,1.0
66,STAN,STAN,1.0
66,MARY,MARY,1.0
67,PATRICK,PATRICK,1.0
67,CLEMENTINE,CLEMENTINE,0.8
67,STAN,STAN,1.0
67,PATRICK,PATRICK,1.0
67,JOEL,JOEL BARISH,1.0
68,JOEL,JOEL BARISH,1.0
68,JOEL,JOEL BARISH,1.0
68,MIERZWIAK,HOWARD MIERZWIAK,0.7
68,JOEL,JOEL BARISH,1.0
68,MIERZWIAK,HOWARD MIERZWIAK,0.7
68,JOEL,JOEL BARISH,1.0
68,MIERZWIAK,HOWARD MIERZWIAK,0.7
68,JOEL,JOEL BARISH,1.0
68,JOEL,JOEL BARISH,1.0
68,JOEL,JOEL BARISH,1.0
68,JOEL,JOEL BARISH,1.0
69,CLEMENTINE,CLEMENTINE,0.8
69,CLEMENTINE,CLEMENTINE,0.8
69,PATRICK,PATRICK,1.0
69,PATRICK,PATRICK,1.0
69,CLEMENTINE,CLEMENTINE,0.8
69,PATRICK,PATRICK,1.0
69,CLEMENTINE,CLEMENTINE,1.0
69,PATRICK,PATRICK,1.0
69,PATRICK,PATRICK,1.0
70,STAN,STAN,1.0
70,MARY,MARY,1.0
71,CLEMENTINE,CLEMENTINE,0.8
71,JOEL,JOEL BARISH,1.0
71,CLEMENTINE,CLEMENTINE,0.8
71,JOEL,JOEL BARISH,1.0
71,CLEMENTINE,CLEMENTINE,0.8
71,JOEL,JOEL BARISH,1.0
71,JOEL,JOEL BARISH,1.0
72,JOEL,JOEL BARISH,1.0
72,CLEMENTINE,CLEMENTINE,0.8
72,JOEL,JOEL BARISH,1.0
72,CLEMENTINE,CLEMENTINE,0.8
72,JOEL,JOEL BARISH,1.0
72,JOEL,JOEL BARISH,1.0
72,JOEL,JOEL BARISH,1.0
73,CLEMENTINE,CLEMENTINE,0.8
73,JOEL,JOEL BARISH,1.0
73,JOEL,JOEL BARISH,1.0
73,CLEMENTINE,CLEMENTINE,0.8
73,JOEL,JOEL BARISH,1.0
73,CLEMENTINE,CLEMENTINE,0.8
73,JOEL,JOEL BARISH,1.0
73,JOEL,JOEL BARISH,1.0
73,JOEL,JOEL BARISH,1.0
73,JOEL,JOEL BARISH,1.0
73,JOEL,JOEL BARISH,1.0
74,STAN,STAN,1.0
74,MARY,MARY,1.0
74,STAN,STAN,1.0
74,STAN,STAN,1.0
74,MARY,MARY,1.0
74,STAN,STAN,1.0
74,STAN,STAN,1.0
74,MARY,MARY,1.0
74,STAN,STAN,1.0
74,MARY,MARY,1.0
74,STAN,STAN,1.0
74,MARY,MARY,1.0
74,STAN,STAN,1.0
74,MARY,MARY,1.0
74,STAN,STAN,1.0
74,STAN,STAN,1.0
74,STAN,STAN,1.0
74,MARY,MARY,1.0
74,STAN,STAN,1.0
74,LISTEN,LISTEN,0.7085549225147713
74,STAN,STAN,1.0
74,MARY,MARY,1.0
74,HOWARD,HOWARD MIERZWIAK,1.0
74,STAN,STAN,1.0
74,STAN,STAN,1.0
74,STAN,STAN,1.0
74,MARY,MARY,1.0
74,HOWARD,HOWARD MIERZWIAK,1.0
75,MIERZWIAK,HOWARD MIERZWIAK,0.7
75,STAN,STAN,1.0
75,MIERZWIAK,HOWARD MIERZWIAK,0.7
75,STAN,STAN,1.0
75,MIERZWIAK,HOWARD MIERZWIAK,0.7
75,STAN,STAN,1.0
75,MIERZWIAK,HOWARD MIERZWIAK,0.7
75,STAN,STAN,1.0
75,STAN,STAN,1.0
75,PATRICK,PATRICK,1.0
76,MARY,MARY,1.0
76,STAN,STAN,1.0
76,MARY,MARY,1.0
76,MARY,MARY,1.0
76,STAN,STAN,1.0
76,MARY,MARY,1.0
76,MARY,MARY,1.0
76,STAN,STAN,1.0
77,JOEL,JOEL BARISH,1.0
77,CLEMENTINE,CLEMENTINE,0.8
77,JOEL,JOEL BARISH,1.0
77,CLEMENTINE,CLEMENTINE,0.8
77,JOEL,JOEL BARISH,1.0
77,CLEMENTINE,CLEMENTINE,0.8
77,JOEL,JOEL BARISH,1.0
77,CLEMENTINE,CLEMENTINE,0.8
77,JOEL,JOEL BARISH,1.0
77,CLEMENTINE,CLEMENTINE,0.8
77,JOEL,JOEL BARISH,1.0
77,CLEMENTINE,CLEMENTINE,0.8
77,JOEL,JOEL BARISH,1.0
77,JOEL,JOEL BARISH,1.0
77,JOEL,JOEL BARISH,1.0
77,JOEL,JOEL BARISH,1.0
77,GROSS,GROSS,1.0
78,CLEMENTINE,CLEMENTINE,0.8
78,PATRICK,PATRICK,1.0
78,PATRICK,PATRICK,1.0
79,MARY,MARY,1.0
79,MARY,MARY,1.0
79,MARY,MARY,1.0
79,MIERZWIAK,HOWARD MIERZWIAK,0.7
79,STAN,STAN,1.0
79,MARY,MARY,1.0
79,MIERZWIAK,HOWARD MIERZWIAK,0.7
79,MIERZWIAK,HOWARD MIERZWIAK,0.95
79,STAN,STAN,1.0
79,MIERZWIAK,HOWARD MIERZWIAK,0.7
79,STAN,STAN,1.0
79,MIERZWIAK,HOWARD MIERZWIAK,0.7
79,MIERZWIAK,HOWARD MIERZWIAK,0.95
79,STAN,STAN,1.0
79,MARY,MARY,1.0
79,MARY,MARY,1.0
79,MARY,MARY,1.0
79,HOWARD,HOWARD MIERZWIAK,1.0
79,HOWARD,HOWARD MIERZWIAK,1.0
79,MARY,MARY,1.0
79,STAN,STAN,1.0
79,MARY,MARY,1.0
79,MARY,MARY,1.0
80,JOEL,JOEL BARISH,1.0
80,CLEMENTINE,CLEMENTINE,0.8
80,HOUND,HOUND,0.6850429688437235
80,JOEL,JOEL BARISH,1.0
81,JOEL,JOEL BARISH,1.0
82,MIERZWIAK,HOWARD MIERZWIAK,0.7
82,MARY,MARY,1.0
82,MIERZWIAK,HOWARD MIERZWIAK,0.7
82,STAN,STAN,1.0
82,MIERZWIAK,HOWARD MIERZWIAK,0.7
82,HOWARD,HOWARD MIERZWIAK,1.0
82,MARY,MARY,1.0
82,HOWARD,HOWARD MIERZWIAK,1.0
83,CLEMENTINE,CLEMENTINE,0.8
83,JOEL,JOEL BARISH,1.0
83,CLEMENTINE,CLEMENTINE,0.8
83,JOEL,JOEL BARISH,1.0
83,CLEMENTINE,CLEMENTINE,0.8
83,JOEL,JOEL BARISH,1.0
83,JOEL,JOEL BARISH,1.0
83,JOEL,JOEL BARISH,1.0
84,STAN,STAN,1.0
84,MIERZWIAK,HOWARD MIERZWIAK,0.7
84,MARY,MARY,1.0
84,STAN,STAN,1.0
84,MARY,MARY,1.0
84,HOWARD,HOWARD MIERZWIAK,1.0
84,HOWARD,HOWARD MIERZWIAK,1.0
85,CLEMENTINE,CLEMENTINE,0.8
85,JOEL,JOEL BARISH,1.0
85,CLEMENTINE,CLEMENTINE,1.0
85,JOE EARLY,JOE EARLY,1.0
85,JOEL,JOEL BARISH,1.0
85,JOEL,JOEL BARISH,1.0
85,JOE EARLY,JOE EARLY,1.0
85,JOEL,JOEL BARISH,1.0
85,JOE EARLY,JOE EARLY,1.0
85,JOEL,JOEL BARISH,1.0
85,JOEL,JOEL BARISH,1.0
85,JOE EARLY,JOE EARLY,1.0
85,JOEL,JOEL BARISH,1.0
85,JOE EARLY,JOE EARLY,1.0
85,JOE EARLY,JOE EARLY,1.0
85,JOEL,JOEL BARISH,1.0
85,JOEL,JOEL BARISH,1.0
86,MIERZWIAK,HOWARD MIERZWIAK,0.7
86,STAN,STAN,1.0
87,CLEMENTINE,CLEMENTINE,0.8
87,JOEL,JOEL BARISH,1.0
87,JOEL,JOEL BARISH,1.0
87,JOEL,JOEL BARISH,1.0
88,CLEMENTINE,CLEMENTINE,0.8
88,JOEL,JOEL BARISH,1.0
88,JOEL,JOEL BARISH,1.0
88,JOEL,JOEL BARISH,1.0
88,JOEL,JOEL BARISH,1.0
88,JOEL,JOEL BARISH,1.0
88,JOEL,JOEL BARISH,1.0
88,CLEMENTINE,CLEMENTINE,1.0
89,CLEMENTINE,CLEMENTINE,0.8
89,CLEMENTINE,CLEMENTINE,1.0
89,JOEL,JOEL BARISH,1.0
89,CLEMENTINE,CLEMENTINE,0.8
89,JOEL,JOEL BARISH,1.0
89,JOEL,JOEL BARISH,1.0
89,PATRICK,PATRICK,1.0
89,JOEL,JOEL BARISH,1.0
90,BOYS,BOYS,1.0
90,JOEL,JOEL BARISH,1.0
90,CLEMENTINE,CLEMENTINE,0.8
90,JOEL,JOEL BARISH,1.0
90,JOEL,JOEL BARISH,1.0
90,JOEL,JOEL BARISH,1.0
90,JOEL,JOEL BARISH,1.0
90,JOEL,JOEL BARISH,1.0
90,JOEL,JOEL BARISH,1.0
90,JOEL,JOEL BARISH,1.0
90,JOEL,JOEL BARISH,1.0
91,MIERZWIAK,HOWARD MIERZWIAK,0.7
91,MARY,MARY,1.0
91,STAN,STAN,1.0
91,MIERZWIAK,HOWARD MIERZWIAK,0.7
91,MARY,MARY,1.0
91,MIERZWIAK,HOWARD MIERZWIAK,0.7
91,MARY,MARY,1.0
91,MIERZWIAK,HOWARD MIERZWIAK,0.7
91,MARY,MARY,1.0
91,MIERZWIAK,HOWARD MIERZWIAK,0.7
91,MARY,MARY,1.0
91,MIERZWIAK,HOWARD MIERZWIAK,0.7
91,MARY,MARY,1.0
91,MIERZWIAK,HOWARD MIERZWIAK,0.7
91,MARY,MARY,1.0
91,MIERZWIAK,HOWARD MIERZWIAK,0.7
91,MARY,MARY,1.0
91,MARY,MARY,1.0
91,MIERZWIAK,HOWARD MIERZWIAK,0.7
91,MARY,MARY,1.0
91,MIERZWIAK,HOWARD MIERZWIAK,0.7
91,MARY,MARY,1.0
91,MIERZWIAK,HOWARD MIERZWIAK,0.7
91,MARY,MARY,1.0
91,MIERZWIAK,HOWARD MIERZWIAK,0.7
91,MARY,MARY,1.0
91,MIERZWIAK,HOWARD MIERZWIAK,0.7
91,MARY,MARY,1.0
91,MIERZWIAK,HOWARD MIERZWIAK,0.7
91,MARY,MARY,1.0
91,STAN,STAN,1.0
91,STAN,STAN,1.0
91,MARY,MARY,1.0
91,STAN,STAN,1.0
91,MARY,MARY,1.0
91,HOWARD,HOWARD MIERZWIAK,1.0
91,MARY,MARY,1.0
91,HOWARD,HOWARD MIERZWIAK,1.0
91,MARY,MARY,1.0
91,ALEXANDER,ALEXANDER POPE,1.0
91,ALEXANDER POPE,ALEXANDER POPE,1.0
91,ALEXANDER,ALEXANDER POPE,1.0
91,MARY,MARY,1.0
91,MARY,MARY,1.0
91,HOWARD,HOWARD MIERZWIAK,1.0
91,MARY,MARY,1.0
91,MARY,MARY,1.0
91,HOWARD,HOWARD MIERZWIAK,1.0
91,HOWARD,HOWARD MIERZWIAK,1.0
92,STAN,STAN,1.0
92,JOEL,JOEL BARISH,1.0
92,MARY,MARY,1.0
92,HOWARD,HOWARD MIERZWIAK,1.0
92,STAN,STAN,1.0
92,MARY,MARY,1.0
92,MARY,MARY,1.0
94,MARY,MARY,1.0
94,MARY,MARY,1.0
94,MARY,MARY,1.0
94,HOWARD,HOWARD MIERZWIAK,1.0
95,MIERZWIAK,HOWARD MIERZWIAK,0.7
95,MIERZWIAK,HOWARD MIERZWIAK,0.7
95,MARY,MARY,1.0
95,HOLLIS,HOLLIS,1.0
95,MARY,MARY,1.0
95,HOLLIS,HOLLIS,1.0
95,MARY,MARY,1.0
95,MIERZWIAK,HOWARD MIERZWIAK,0.7
95,STAN,STAN,1.0
95,STAN,STAN,1.0
95,HOWARD,HOWARD MIERZWIAK,1.0
95,MARY,MARY,1.0
95,HOLLIS,HOLLIS,1.0
95,MIERZWIAK,HOWARD MIERZWIAK,0.9607710444389004
95,MIERZWIAK,HOWARD MIERZWIAK,1.0
95,HOLLIS,HOLLIS,1.0
95,MARY,MARY,1.0
95,HOWARD,HOWARD MIERZWIAK,1.0
95,STAN,STAN,1.0
95,MARY,MARY,1.0
95,HOLLIS,HOLLIS,1.0
95,MARY,MARY,1.0
95,HOLLIS,HOLLIS,1.0
95,MARY,MARY,1.0
95,HOWARD,HOWARD MIERZWIAK,1.0
95,HOWARD,HOWARD MIERZWIAK,1.0
95,MARY,MARY,1.0
95,STAN,STAN,1.0
95,MARY,MARY,1.0
96,PATRICK,PATRICK,1.0
96,CLEMENTINE,CLEMENTINE,0.8
96,PATRICK,PATRICK,1.0
97,MARY,MARY,1.0
98,STAN,STAN,1.0
99,CLEMENTINE,CLEMENTINE,0.8
99,JOEL,JOEL BARISH,1.0
99,CLEMENTINE,CLEMENTINE,1.0
99,STEPHEN DIXON,STEPHEN DIXON,1.0
99,JOEL,JOEL BARISH,1.0
99,JOEL,JOEL BARISH,1.0
100,JOEL,JOEL BARISH,1.0
100,CLEMENTINE,CLEMENTINE,0.8
100,JOEL,JOEL BARISH,1.0
100,CLEMENTINE,CLEMENTINE,0.8
100,JOEL,JOEL BARISH,1.0
100,CLEMENTINE,CLEMENTINE,0.8
100,JOEL,JOEL BARISH,1.0
100,CLEMENTINE,CLEMENTINE,0.8
100,JOEL,JOEL BARISH,1.0
100,CLEMENTINE,CLEMENTINE,0.8
100,JOEL,JOEL BARISH,1.0
100,CLEMENTINE,CLEMENTINE,0.8
100,CHINESE,CHINESE,0.6789971321367496
100,NAOMI,NAOMI,1.0
102,JOEL,JOEL BARISH,1.0
102,CLEMENTINE,CLEMENTINE,0.8
102,JOEL,JOEL BARISH,1.0
102,CLEMENTINE,CLEMENTINE,0.8
102,JOEL,JOEL BARISH,1.0
102,CLEMENTINE,CLEMENTINE,0.8
102,JOEL,JOEL BARISH,1.0
102,JOEL,JOEL BARISH,1.0
102,CLEMENTINE,CLEMENTINE,0.8
102,JOEL,JOEL BARISH,1.0
102,NAOMI,NAOMI,1.0
103,JOEL,JOEL BARISH,1.0
103,CLEMENTINE,CLEMENTINE,0.8
103,JOEL,JOEL BARISH,1.0
103,CLEMENTINE,CLEMENTINE,0.8
104,JOEL,JOEL BARISH,1.0
104,JOEL,JOEL BARISH,1.0
105,MIERZWIAK,HOWARD MIERZWIAK,0.7
105,MARY,MARY,1.0
105,MIERZWIAK,HOWARD MIERZWIAK,0.7
105,MARY,MARY,1.0
105,MARY,MARY,1.0
105,MARY,MARY,1.0
105,MARY,MARY,1.0
105,MARY,MARY,1.0
105,MARY,MARY,1.0
106,JOEL,JOEL BARISH,1.0
106,NAOMI,NAOMI,1.0
108,NAOMI,NAOMI,1.0
109,NAOMI,NAOMI,0.8
109,JOEL,JOEL BARISH,1.0
109,JOEL,JOEL BARISH,1.0
109,NAOMI,NAOMI,0.8
109,JOEL,JOEL BARISH,1.0
109,NAOMI,NAOMI,1.0
110,NAOMI,NAOMI,1.0
111,JOEL,JOEL BARISH,1.0
111,CLEMENTINE,CLEMENTINE,0.8
111,JOEL,JOEL BARISH,1.0
112,NAOMI,NAOMI,0.8
112,JOEL,JOEL BARISH,1.0
112,NAOMI,NAOMI,0.8
112,JOEL,JOEL BARISH,1.0
112,NAOMI,NAOMI,0.8
112,JOEL,JOEL BARISH,1.0
112,NAOMI,NAOMI,0.8
112,JOEL,JOEL BARISH,1.0
112,NAOMI,NAOMI,0.8
112,JOEL,JOEL BARISH,1.0
112,NAOMI,NAOMI,1.0
112,JOEL,JOEL BARISH,1.0
112,NAOMI,NAOMI,1.0
112,JOEL,JOEL BARISH,1.0
113,JOEL,JOEL BARISH,1.0
113,JOEL,JOEL BARISH,1.0
113,CLEMENTINE,CLEMENTINE,0.8
113,JOEL,JOEL BARISH,1.0
113,CLEMENTINE,CLEMENTINE,0.8
113,JOEL,JOEL BARISH,1.0
113,CLEMENTINE,CLEMENTINE,0.8
113,JOEL,JOEL BARISH,1.0
113,CLEMENTINE,CLEMENTINE,0.8
113,JOEL,JOEL BARISH,1.0
113,CLEMENTINE,CLEMENTINE,0.8
113,JOEL,JOEL BARISH,1.0
113,CLEMENTINE,CLEMENTINE,0.8
113,JOEL,JOEL BARISH,1.0
113,CLEMENTINE,CLEMENTINE,0.8
113,JOEL,JOEL BARISH,1.0
113,CLEMENTINE,CLEMENTINE,0.8
113,JOEL,JOEL BARISH,1.0
113,CLEMENTINE,CLEMENTINE,0.8
113,JOEL,JOEL BARISH,1.0
113,CLEMENTINE,CLEMENTINE,0.8
113,JOEL,JOEL BARISH,1.0
113,MARK,MARK,1.0
113,JOEL,JOEL BARISH,1.0
113,JOEL,JOEL BARISH,1.0
113,JOEL,JOEL BARISH,1.0
113,JOEL,JOEL BARISH,1.0
113,MALE EMPLOYEE,MALE EMPLOYEE,0.7
113,MALE EMPLOYEE,MALE EMPLOYEE,0.7
114,JOEL,JOEL BARISH,1.0
114,CARRIE,CARRIE,1.0
114,JOEL,JOEL BARISH,1.0
114,CARRIE,CARRIE,1.0
114,JOEL,JOEL BARISH,1.0
114,JOEL,JOEL BARISH,1.0
114,NAOMI,NAOMI,1.0
115,JOEL,JOEL BARISH,1.0
116,NAOMI,NAOMI,0.8
116,JOEL,JOEL BARISH,1.0
116,NAOMI,NAOMI,0.8
116,JOEL,JOEL BARISH,1.0
116,NAOMI,NAOMI,0.8
116,JOEL,JOEL BARISH,1.0
116,NAOMI,NAOMI,0.8
116,JOEL,JOEL BARISH,1.0
116,JOEL,JOEL BARISH,1.0
116,NAOMI,NAOMI,1.0
116,NAOMI,NAOMI,1.0
116,JOEL,JOEL BARISH,1.0
116,NAOMI,NAOMI,1.0
116,JOEL,JOEL BARISH,1.0
117,JOEL,JOEL BARISH,1.0
117,NAOMI,NAOMI,0.8
117,JOEL,JOEL BARISH,1.0
117,NAOMI,NAOMI,1.0
117,NAOMI,NAOMI,1.0
117,JOEL,JOEL BARISH,1.0
117,NAOMI,NAOMI,0.8
117,JOEL,JOEL BARISH,1.0
117,NAOMI,NAOMI,1.0
117,JOEL,JOEL BARISH,1.0
117,NAOMI,NAOMI,1.0
118,CARRIE,CARRIE,1.0
118,JOEL,JOEL BARISH,1.0
118,JOEL,JOEL BARISH,1.0
118,CARRIE,CARRIE,1.0
118,JOEL,JOEL BARISH,1.0
118,CARRIE,CARRIE,1.0
118,JOEL,JOEL BARISH,1.0
118,CARRIE,CARRIE,1.0
118,JOEL,JOEL BARISH,1.0
118,NAOMI,NAOMI,1.0
118,JOEL,JOEL BARISH,1.0
118,JOEL,JOEL BARISH,1.0
118,JOEL,JOEL BARISH,1.0
119,CARRIE,CARRIE,1.0
119,JOEL,JOEL BARISH,1.0
119,JOEL,JOEL BARISH,1.0
120,JOEL,JOEL BARISH,1.0
121,CARRIE,CARRIE,1.0
121,JOEL,JOEL BARISH,1.0
122,JOEL,JOEL BARISH,1.0
122,ROB,ROB,1.0
123,JOEL,JOEL BARISH,1.0
123,JOEL,JOEL BARISH,1.0
123,JOEL,JOEL BARISH,1.0
123,CLEMENTINE,CLEMENTINE,0.8
123,JOEL,JOEL BARISH,1.0
123,JOEL,JOEL BARISH,1.0
123,CLEMENTINE,CLEMENTINE,0.8
123,JOEL,JOEL BARISH,1.0
123,CLEMENTINE,CLEMENTINE,0.8
123,JOEL,JOEL BARISH,1.0
123,CLEMENTINE,CLEMENTINE,0.8
123,CLEMENTINE,CLEMENTINE,1.0
123,JOEL,JOEL BARISH,1.0
123,CLEMENTINE,CLEMENTINE,0.8
123,JOEL,JOEL BARISH,1.0
123,CLEMENTINE,CLEMENTINE,0.8
123,JOEL,JOEL BARISH,1.0
123,JOEL,JOEL BARISH,1.0
123,CLEMENTINE,CLEMENTINE,0.8
123,JOEL,JOEL BARISH,1.0
123,CLEMENTINE,CLEMENTINE,1.0
123,JOEL,JOEL BARISH,1.0
123,CLEMENTINE,CLEMENTINE,0.8
123,JOEL,JOEL BARISH,1.0
123,CLEMENTINE,CLEMENTINE,0.8
123,JOEL,JOEL BARISH,1.0
123,CLEMENTINE,CLEMENTINE,0.8
123,JOEL,JOEL BARISH,1.0
123,JOEL,JOEL BARISH,1.0
123,CLEMENTINE,CLEMENTINE,0.8
123,JOEL,JOEL BARISH,1.0
123,CLEMENTINE,CLEMENTINE,0.8
123,JOEL,JOEL BARISH,1.0
123,CLEMENTINE,CLEMENTINE,0.8
123,JOEL,JOEL BARISH,1.0
123,CLEMENTINE,CLEMENTINE,0.8
123,JOEL,JOEL BARISH,1.0
123,CLEMENTINE,CLEMENTINE,0.8
123,JOEL,JOEL BARISH,1.0
123,CLEMENTINE,CLEMENTINE,0.8
123,JOEL,JOEL BARISH,1.0
123,CLEMENTINE,CLEMENTINE,0.8
123,JOEL,JOEL BARISH,1.0
123,CLEMENTINE,CLEMENTINE,0.8
123,JOEL,JOEL BARISH,1.0
123,CLEMENTINE,CLEMENTINE,0.8
123,CLEMENTINE,CLEMENTINE,1.0
123,JOEL,JOEL BARISH,1.0
123,CLEMENTINE,CLEMENTINE,0.8
123,CLEMENTINE,CLEMENTINE,1.0
123,JOEL,JOEL BARISH,1.0
123,CLEMENTINE,CLEMENTINE,0.8
123,JOEL,JOEL BARISH,1.0
123,CLEMENTINE,CLEMENTINE,0.8
123,CLEMENTINE,CLEMENTINE,1.0
123,JOEL,JOEL BARISH,1.0
123,CLEMENTINE,CLEMENTINE,0.8
123,CLEMENTINE,CLEMENTINE,1.0
123,JOEL,JOEL BARISH,1.0
123,CLEMENTINE,CLEMENTINE,0.8
123,JOEL,JOEL BARISH,1.0
123,CLEMENTINE,CLEMENTINE,1.0
123,JOEL,JOEL BARISH,1.0
123,CLEMENTINE,CLEMENTINE,0.8
123,CLEMENTINE,CLEMENTINE,1.0
123,JOEL,JOEL BARISH,1.0
123,ROB,ROB,1.0
123,JOEL,JOEL BARISH,1.0
123,JOEL,JOEL BARISH,1.0
123,GREEN,GREEN REVOLUTION,1.0
123,JOEL,JOEL BARISH,1.0
123,JOEL,JOEL BARISH,1.0
123,HOUND,HOUND,0.9456879573483623
123,JOEL,JOEL BARISH,1.0
123,JOEL,JOEL BARISH,1.0
123,JOEL,JOEL BARISH,1.0
123,JOEL,JOEL BARISH,1.0
123,JOEL,JOEL BARISH,1.0
123,JOEL,JOEL BARISH,1.0
123,JOEL,JOEL BARISH,1.0
124,JOEL,JOEL BARISH,1.0
124,CLEMENTINE,CLEMENTINE,0.8
124,JOEL,JOEL BARISH,1.0
124,CLEMENTINE,CLEMENTINE,0.8
124,JOEL,JOEL BARISH,1.0
124,CLEMENTINE,CLEMENTINE,0.8
124,JOEL,JOEL BARISH,1.0
124,CLEMENTINE,CLEMENTINE,0.8
124,JOEL,JOEL BARISH,1.0
124,CLEMENTINE,CLEMENTINE,1.0
124,JOEL,JOEL BARISH,1.0
124,CLEMENTINE,CLEMENTINE,1.0
124,JOEL,JOEL BARISH,1.0
124,CLEMENTINE,CLEMENTINE,0.8
124,CLEMENTINE,CLEMENTINE,1.0
124,JOEL,JOEL BARISH,1.0
124,CLEMENTINE,CLEMENTINE,0.8
124,JOEL,JOEL BARISH,1.0
124,NAOMI,NAOMI,1.0
124,NAOMI,NAOMI,1.0
124,AH,AH,1.0
124,DAVID,DAVID,1.0
124,JOEL,JOEL BARISH,1.0
125,JOEL,JOEL BARISH,1.0
126,CARRIE,CARRIE,1.0
126,ROB,ROB,1.0
126,JOEL,JOEL BARISH,1.0
126,JOEL,JOEL BARISH,1.0
126,ROB,ROB,1.0
127,HOWARD,HOWARD MIERZWIAK,1.0
127,HOLLIS,HOLLIS,1.0
127,HOWARD,HOWARD MIERZWIAK,1.0
127,STAN,STAN,1.0
127,STAN,STAN,1.0
127,JOEL,JOEL BARISH,1.0
127,HOWARD,HOWARD MIERZWIAK,1.0
127,HOWARD,HOWARD MIERZWIAK,1.0
128,STAN,STAN,1.0
128,MIERZWIAK,HOWARD MIERZWIAK,0.7
128,STAN,STAN,1.0
128,HOWARD,HOWARD MIERZWIAK,1.0
128,HOWARD,HOWARD MIERZWIAK,1.0
128,STAN,STAN,1.0
129,PATRICK,PATRICK,1.0
129,PATRICK,PATRICK,1.0
129,PATRICK,PATRICK,1.0
129,PATRICK,PATRICK,1.0
129,MARY,MARY,1.0
129,MARY,MARY,1.0
129,PATRICK,PATRICK,1.0
129,MARY,MARY,1.0
129,MARY,MARY,1.0
130,STAN,STAN,1.0
130,MARY,MARY,1.0
130,STAN,STAN,1.0
130,MARY,MARY,1.0
130,STAN,STAN,1.0
130,STAN,STAN,1.0
130,MARY,MARY,1.0
130,STAN,STAN,1.0
130,MARY,MARY,1.0
130,STAN,STAN,1.0
130,STAN,STAN,1.0
130,MARY,MARY,1.0
130,STAN,STAN,1.0
130,MARY,MARY,1.0
130,MARY,MARY,1.0
130,STAN,STAN,1.0
130,MARY,MARY,1.0
130,MARY,MARY,1.0
130,MARY,MARY,1.0
130,MARY,MARY,1.0
130,STAN,STAN,1.0
131,JOEL,JOEL BARISH,1.0
132,JOEL,JOEL BARISH,1.0
132,JOEL,JOEL BARISH,1.0
133,JOEL,JOEL BARISH,1.0
133,NAOMI,NAOMI,1.0
134,MARY,MARY,1.0
135,MARY,MARY,1.0
135,MARY,MARY,1.0
135,MIERZWIAK,HOWARD MIERZWIAK,0.7
135,MARY,MARY,1.0
135,MIERZWIAK,HOWARD MIERZWIAK,0.7
135,MARY,MARY,1.0
135,MIERZWIAK,HOWARD MIERZWIAK,0.7
135,MARY,MARY,1.0
135,MIERZWIAK,HOWARD MIERZWIAK,0.7
135,MARY,MARY,1.0
135,HOWARD,HOWARD MIERZWIAK,1.0
135,MARY,MARY,1.0
135,MARY,MARY,1.0
136,NAOMI,NAOMI,0.8
136,JOEL,JOEL BARISH,1.0
136,NAOMI,NAOMI,0.8
136,JOEL,JOEL BARISH,1.0
136,NAOMI,NAOMI,0.8
136,JOEL,JOEL BARISH,1.0
136,NAOMI,NAOMI,0.8
136,JOEL,JOEL BARISH,1.0
136,NAOMI,NAOMI,0.8
136,JOEL,JOEL BARISH,1.0
136,NAOMI,NAOMI,0.8
137,JOEL,JOEL BARISH,1.0
137,NAOMI,NAOMI,0.8
138,PATRICK,PATRICK,1.0
139,JOEL,JOEL BARISH,1.0
139,JOEL,JOEL BARISH,1.0
140,MARY,MARY,1.0
140,JOEL,JOEL BARISH,1.0
141,CLEMENTINE,CLEMENTINE,0.8
141,JOEL,JOEL BARISH,1.0
141,CLEMENTINE,CLEMENTINE,0.8
141,JOEL,JOEL BARISH,1.0
141,CLEMENTINE,CLEMENTINE,0.8
141,JOEL,JOEL BARISH,1.0
141,JOEL,JOEL BARISH,1.0
141,JOEL,JOEL BARISH,1.0
141,JOEL,JOEL BARISH,1.0
142,JOEL,JOEL BARISH,1.0
142,NAOMI,NAOMI,0.8
142,JOEL,JOEL BARISH,1.0
142,NAOMI,NAOMI,0.8
142,JOEL,JOEL BARISH,1.0
142,NAOMI,NAOMI,0.8
142,JOEL,JOEL BARISH,1.0
142,NAOMI,NAOMI,0.8
142,JOEL,JOEL BARISH,1.0
142,NAOMI,NAOMI,0.8
142,JOEL,JOEL BARISH,1.0
142,NAOMI,NAOMI,0.8
142,JOEL,JOEL BARISH,1.0
142,NAOMI,NAOMI,0.8
142,JOEL,JOEL BARISH,1.0
142,NAOMI,NAOMI,0.8
142,CLEMENTINE,CLEMENTINE,0.8
142,JOEL,JOEL BARISH,1.0
142,CLEMENTINE,CLEMENTINE,0.8
142,JOEL,JOEL BARISH,1.0
142,CLEMENTINE,CLEMENTINE,0.8
142,JOEL,JOEL BARISH,1.0
142,CLEMENTINE,CLEMENTINE,0.8
142,JOEL,JOEL BARISH,1.0
142,NAOMI,NAOMI,0.9686392653720083
142,JOEL,JOEL BARISH,1.0
142,NAOMI,NAOMI,0.9685499426220553
142,JOEL,JOEL BARISH,1.0
142,JOEL,JOEL BARISH,1.0
143,CLEMENTINE,CLEMENTINE,0.8
143,JOEL,JOEL BARISH,1.0
143,JOEL,JOEL BARISH,1.0
143,CLEMENTINE,CLEMENTINE,0.8
143,JOEL,JOEL BARISH,1.0
143,CLEMENTINE,CLEMENTINE,0.8
143,JOEL,JOEL BARISH,1.0
143,CLEMENTINE,CLEMENTINE,0.8
143,JOEL,JOEL BARISH,1.0
143,CLEMENTINE,CLEMENTINE,0.8
143,JOEL,JOEL BARISH,1.0
143,CLEMENTINE,CLEMENTINE,0.8
143,JOEL,JOEL BARISH,1.0
143,CLEMENTINE,CLEMENTINE,0.8
143,JOEL,JOEL BARISH,1.0
143,CLEMENTINE,CLEMENTINE,0.8
143,JOEL,JOEL BARISH,1.0
143,CLEMENTINE,CLEMENTINE,0.8
143,JOEL,JOEL BARISH,1.0
143,CLEMENTINE,CLEMENTINE,0.8
143,JOEL,JOEL BARISH,1.0
143,CLEMENTINE,CLEMENTINE,0.8
143,JOEL,JOEL BARISH,1.0
143,JOEL,JOEL BARISH,1.0
143,JOEL,JOEL BARISH,1.0
143,LISTEN,LISTEN,0.7603124899218207
143,JOEL,JOEL BARISH,1.0
144,JOEL,JOEL BARISH,1.0
145,CLEMENTINE,CLEMENTINE,0.8
145,JOEL,JOEL BARISH,1.0
145,CLEMENTINE,CLEMENTINE,0.8
145,JOEL,JOEL BARISH,1.0
145,CLEMENTINE,CLEMENTINE,0.8
145,JOEL,JOEL BARISH,1.0
145,CLEMENTINE,CLEMENTINE,0.8
145,JOEL,JOEL BARISH,1.0
145,JOEL,JOEL BARISH,1.0
146,CARRIE,CARRIE,1.0
146,JOEL,JOEL BARISH,1.0
147,JOEL,JOEL BARISH,1.0
147,CLEMENTINE,CLEMENTINE,0.8
147,JOEL,JOEL BARISH,1.0
147,CLEMENTINE,CLEMENTINE,0.8
147,JOEL,JOEL BARISH,1.0
147,JOEL,JOEL BARISH,1.0
147,JOEL,JOEL BARISH,1.0
147,JOEL,JOEL BARISH,1.0
148,CLEMENTINE,CLEMENTINE,0.8
148,JOEL,JOEL BARISH,1.0
148,CLEMENTINE,CLEMENTINE,0.8
148,JOEL,JOEL BARISH,1.0
148,CLEMENTINE,CLEMENTINE,0.8
148,JOEL,JOEL BARISH,1.0
148,CLEMENTINE,CLEMENTINE,0.8
148,JOEL,JOEL BARISH,1.0
148,CLEMENTINE,CLEMENTINE,0.8
148,JOEL,JOEL BARISH,1.0
148,CLEMENTINE,CLEMENTINE,0.8
148,JOEL,JOEL BARISH,1.0
148,CLEMENTINE,CLEMENTINE,0.8
148,CLEMENTINE,CLEMENTINE,1.0
148,CLEMENTINE,CLEMENTINE,1.0
148,JOEL,JOEL BARISH,1.0
148,JOEL,JOEL BARISH,1.0
149,RECEPTIONIST,RECEPTIONIST,0.8
149,STAN,STAN,1.0
149,RECEPTIONIST,RECEPTIONIST,0.8
149,STAN,STAN,1.0
149,STAN,STAN,1.0
149,HOWARD I,HOWARD MIERZWIAK,1.0
149,MIERZWIAK,HOWARD MIERZWIAK,1.0
149,STAN,STAN,1.0
149,STAN,STAN,1.0
150,MIERZWIAK,HOWARD MIERZWIAK,0.7
150,STAN,STAN,1.0
150,MIERZWIAK,HOWARD MIERZWIAK,0.7
150,STAN,STAN,1.0
150,YOUNG WOMAN,YOUNG WOMAN,1.0
150,MIERZWIAK,HOWARD MIERZWIAK,0.7
150,YOUNG WOMAN,YOUNG WOMAN,1.0
150,PATRICK,PATRICK,1.0
150,MIERZWIAK,HOWARD MIERZWIAK,0.7
150,STAN,STAN,1.0
150,MIERZWIAK,HOWARD MIERZWIAK,1.0
150,STAN,STAN,1.0
150,HOWARD,HOWARD MIERZWIAK,1.0
150,MARY,MARY,1.0
150,PATRICK,PATRICK,1.0
150,STAN,STAN,1.0
150,STAN,STAN,1.0
150,MARY,MARY,1.0
151,JOEL,JOEL BARISH,1.0
151,CLEMENTINE,CLEMENTINE,0.8
151,JOEL,JOEL BARISH,1.0
151,CLEMENTINE,CLEMENTINE,0.8
151,JOEL,JOEL BARISH,1.0
151,CLEMENTINE,CLEMENTINE,0.8
151,JOEL,JOEL BARISH,1.0
151,CLEMENTINE,CLEMENTINE,0.8
151,JOEL,JOEL BARISH,1.0
151,CLEMENTINE,CLEMENTINE,0.8
151,JOEL,JOEL BARISH,1.0
151,CLEMENTINE,CLEMENTINE,0.8
151,JOEL,JOEL BARISH,1.0
151,CLEMENTINE,CLEMENTINE,0.8
151,MEET,MEET,0.8141451878808915
152,MARY,MARY,1.0
152,STAN,STAN,1.0
152,MARY,MARY,1.0
152,STAN,STAN,1.0
152,STAN,STAN,1.0
152,MARY,MARY,1.0
152,STAN,STAN,1.0
152,MARY,MARY,1.0
152,STAN,STAN,1.0
152,MARY,MARY,1.0
152,STAN,STAN,1.0
152,MARY,MARY,1.0
152,STAN,STAN,1.0
152,MARY,MARY,1.0
152,STAN,STAN,1.0
152,MARY,MARY,1.0
152,MARY,MARY,1.0
152,STAN,STAN,1.0
152,STAN,STAN,1.0
152,STAN,STAN,1.0
152,HOWARD,HOWARD MIERZWIAK,1.0
152,STAN,STAN,1.0
152,MARY,MARY,1.0
152,MARY,MARY,1.0
152,MARY,MARY,1.0
152,STAN,STAN,1.0
153,SAD WOMAN,SAD WOMAN,0.7
153,MAN,OLD MAN,1.0
153,MAN,OLD MAN,1.0
153,MAN,OLD MAN,1.0
153,SAD WOMAN,SAD WOMAN,0.7
153,SAD WOMAN,SAD WOMAN,0.7
153,MAN,OLD MAN,0.7
154,MARY,MARY,1.0
154,MARY,MARY,1.0
154,MARY,MARY,1.0
154,SAD WOMAN,SAD WOMAN,0.7
154,MARY,MARY,1.0
154,MARY,MARY,1.0
154,HOWARD,HOWARD MIERZWIAK,1.0
156,MAN,OLD MAN,1.0
156,MARY,MARY,1.0
158,OLD MAN,OLD MAN,1.0
158,SECOND OLD WOMAN,SECOND OLD WOMAN,1.0
158,MARY,MARY,1.0
158,HOWARD,HOWARD MIERZWIAK,1.0
158,HOWARD,HOWARD MIERZWIAK,1.0
158,MARY,MARY,1.0
158,OLD WOMAN,SECOND OLD WOMAN,0.7
158,OLD MAN,OLD MAN,0.7
158,OLD WOMAN,SECOND OLD WOMAN,0.7
158,OLD WOMAN,SECOND OLD WOMAN,0.7
158,OLD WOMAN,SECOND OLD WOMAN,0.7
159,HOWARD,HOWARD MIERZWIAK,1.0
159,MARY,MARY,1.0
159,MIERZWIAK,HOWARD MIERZWIAK,1.0
159,HOWARD,HOWARD MIERZWIAK,1.0
159,KRUCZYNSKI,KRUCZYNSKI,1.0
159,JOEL BARISH,JOEL BARISH,1.0
159,OLD WOMAN,SECOND OLD WOMAN,0.7
159,OLD MAN,OLD MAN,0.7
159,OLD MAN,OLD MAN,0.7
159,OLD MAN,OLD MAN,0.7
159,OLD WOMAN,SECOND OLD WOMAN,0.7
160,OLD WOMAN,SECOND OLD WOMAN,0.7
161,OLD WOMAN,SECOND OLD WOMAN,0.7
161,OLD WOMAN,SECOND OLD WOMAN,0.7
162,OLD WOMAN,SECOND OLD WOMAN,0.7
163,OLD MAN,OLD MAN,1.0
